artist,primary_genre,n_tracks,popularity_mean,popularity_max
Fuse ODG,Rap / Hiphop,7,57.22222222222222,67
Usher,Pop,15,20.933333333333334,70
Novo Amor,House / Electronic,45,58.25,75
Alisha Chinai,World,4,60.0,73
Zendaya,Pop,9,53.714285714285715,76
PollyAnna,House / Electronic,3,23.666666666666668,69
Chencho Corleone,World,17,25.846153846153847,97
MEDUZA,House / Electronic,22,26.524590163934427,85
Therion,Rock,18,22.17948717948718,26
Maria Becerra,World,26,9.472222222222221,81
James Hype,House / Electronic,33,25.25609756097561,90
THE ORAL CIGARETTES,Pop,1,69.0,69
Kid Ink,House / Electronic,4,55.25,74
Ozzy Osbourne,Rock,10,49.73684210526316,78
Nickelback,Rock,29,56.285714285714285,80
Trevor Guthrie,House / Electronic,3,57.4,67
New Bomb Turks,Rock,3,33.0,35
GIMS,World,6,56.5,63
Speed Radio,House / Electronic,5,54.875,77
Blackstreet,House / Electronic,7,46.3,77
Demi Lovato,House / Electronic,29,36.075471698113205,81
Pharrell Williams,House / Electronic,18,48.09375,82
Adriatique,House / Electronic,6,46.92307692307692,59
Solomun,House / Electronic,38,29.879310344827587,58
Eric Clapton,Blues,12,61.285714285714285,76
Russell Dickerson,House / Electronic,5,62.142857142857146,75
Leo Stannard,House / Electronic,7,44.09090909090909,70
Boney M.,House / Electronic,30,51.875,80
The Glitch Mob,House / Electronic,2,56.333333333333336,65
Leiva,World,13,43.8125,64
A7S,House / Electronic,26,12.775,80
Mr. Vegas,Rap / Hiphop,12,16.733333333333334,43
Prezioso,House / Electronic,2,74.5,80
Sam Feldt,House / Electronic,8,60.733333333333334,74
Mark Knight,House / Electronic,5,9.875,40
Sickflip,House / Electronic,6,44.285714285714285,51
Lauana Prado,World,26,47.111111111111114,53
Allman Brothers Band,Rock,3,13.117647058823529,72
DIVINE,Rap / Hiphop,17,57.0,67
Worakls,House / Electronic,20,49.03125,60
"Fear, and Loathing in Las Vegas",Rock,3,59.06666666666667,62
Maffio,World,2,0.0,0
Can Bonomo,World,11,40.705882352941174,45
Clinton Kane,Indie,13,64.0,77
Sooraj Santhosh,Pop,6,49.3,63
Johannes Bornlöf,Acoustic,9,0.0,0
Sabrina Carpenter,House / Electronic,6,66.08333333333333,74
Stephan Bodzin,House / Electronic,26,36.17777777777778,50
Bush,Rock,4,19.428571428571427,63
The Strumbellas,Indie,1,63.25,64
Martin Garrix,House / Electronic,88,57.645669291338585,79
Liam Payne,House / Electronic,6,28.529411764705884,67
Eli & Fur,House / Electronic,5,52.375,59
Red Hot Chili Peppers,Rock,49,41.132075471698116,82
Swedish House Mafia,House / Electronic,39,30.52173913043478,83
Monali Thakur,World,5,53.285714285714285,63
Black V Neck,House / Electronic,5,13.307692307692308,63
Lulu Santos,World,21,35.68421052631579,48
Víkingur Ólafsson,Acoustic,6,41.55555555555556,64
Biquini Cavadão,Alternative,30,40.69230769230769,52
Aloe Blacc,House / Electronic,13,21.071428571428573,72
RANDALL,House / Electronic,8,43.06666666666667,63
BTS,Pop,165,68.8695652173913,92
Boy In Space,House / Electronic,3,51.8,63
Jasmine Thompson,House / Electronic,4,56.125,67
Mustard,R&B,4,34.333333333333336,79
Nucleya,Indie,22,49.013333333333335,66
Yade Lauren,House / Electronic,3,57.333333333333336,63
Dia Frampton,House / Electronic,14,38.625,52
Pia Mia,House / Electronic,6,31.9,61
Maribou State,House / Electronic,13,61.2,68
iann dior,House / Electronic,10,51.65,83
Miss Kittin,House / Electronic,3,17.2,42
Marcelo Falcão,World,10,45.529411764705884,50
Da Tweekaz,House / Electronic,20,48.21739130434783,64
The Weeknd,House / Electronic,48,39.078947368421055,91
Sukriti Kakar,Indie,4,48.166666666666664,60
Reik,House / Electronic,9,7.277777777777778,64
Nicky Jam,World,28,25.620689655172413,78
Natiruts,World,9,43.35294117647059,45
Tungevaag,House / Electronic,12,49.73076923076923,70
Ben Böhmer,House / Electronic,18,39.5,67
ELLEGARDEN,Rock,5,35.785714285714285,38
Lil Baby,Pop,22,12.76923076923077,68
White Zombie,Rock,13,7.290322580645161,69
Rakshita Suresh,Pop,7,59.09090909090909,66
AAKASH,Indie,3,46.0,47
Morat,World,21,7.041666666666667,76
Butthole Surfers,Rock,3,36.0,64
Justin Timberlake,House / Electronic,7,63.54545454545455,80
Yuvan Shankar Raja,Pop,167,52.55793991416309,74
Eagles,Indie,8,71.96296296296296,84
Robert Palmer,House / Electronic,4,6.9,68
Timmy Trumpet,House / Electronic,13,54.0,71
Monty,House / Electronic,6,55.44444444444444,66
Suzonn,Indie,8,45.642857142857146,57
Wiener Philharmoniker,Acoustic,19,12.434782608695652,49
Royal Philharmonic Orchestra,Acoustic,28,24.285714285714285,62
Eptic,House / Electronic,7,47.2,58
Anurag Saikia,Indie,5,42.25,60
FKA twigs,Rap / Hiphop,56,21.125,65
Machine Head,Rock,11,36.21212121212121,64
Lil Wayne,House / Electronic,11,26.214285714285715,78
Los Abuelos De La Nada,Alternative,4,2.6875,43
O Rappa,R&B,27,40.86440677966102,50
The Smashing Pumpkins,Rock,17,26.928571428571427,75
Tracy Chapman,Indie,3,74.28571428571429,78
Wolfmother,House / Electronic,8,36.65384615384615,68
BANNERS,Indie,3,68.5,77
Nikhil D'Souza,Indie,13,50.733333333333334,69
Seeb,House / Electronic,8,24.09090909090909,64
Jayko,Rap / Hiphop,1,0.0,0
BLUE ENCOUNT,Pop,1,65.0,65
Hayley Williams,Indie,7,10.25,65
Imanbek,House / Electronic,9,63.1764705882353,87
Mathame,House / Electronic,3,50.4,55
Luciana,World,4,12.875,53
Steve Earle,Folk,2,0.0,0
G-Eazy,Indie,12,65.91304347826087,79
Juicy J,House / Electronic,10,39.4,78
DJ Snake,House / Electronic,75,41.34146341463415,84
MKLA,House / Electronic,9,56.06666666666667,66
B Praak,Pop,15,63.72,77
Gilberto Gil,World,20,39.48275862068966,43
Beenie Man,House / Electronic,39,20.22222222222222,57
Kavita Seth,Indie,10,63.5,75
Spiritbox,Rock,16,18.043478260869566,62
BEAUZ,House / Electronic,7,62.45454545454545,75
Wiz Khalifa,House / Electronic,39,13.519480519480519,84
Paul Simon,Indie,4,4.125,58
The Cramps,Rock,11,13.4,59
Maria Rita,World,12,41.88235294117647,64
James Blake,House / Electronic,5,62.5,65
Phoebe Ryan,House / Electronic,1,70.0,70
Chri$tian Gate$,Acoustic,6,64.77777777777777,73
Gryffin,House / Electronic,24,31.217391304347824,80
Santhosh Narayanan,Pop,14,59.72222222222222,79
Brennan Heart,House / Electronic,36,37.166666666666664,66
Metro Boomin,Alternative,2,68.2,81
MEMBA,House / Electronic,6,54.22222222222222,59
Jessie Reyez,House / Electronic,3,71.8,77
Channel Tres,World,3,58.2,63
Paolo Nutini,Indie,15,14.0,69
Sez on the Beat,World,8,43.06666666666667,50
Brray,World,7,8.0,91
João Gilberto,Acoustic,24,25.0,68
Philip Strand,House / Electronic,4,38.833333333333336,58
James Bay,House / Electronic,3,24.0,72
A-Trak,Rock,6,7.318181818181818,57
Ofenbach,House / Electronic,5,57.5,75
RANI,House / Electronic,4,63.857142857142854,69
Staysick,Pop,3,36.0,40
Fetty Wap,House / Electronic,26,46.39393939393939,74
Eric Prydz,House / Electronic,10,24.208333333333332,74
Tion Wayne,House / Electronic,7,18.571428571428573,75
Alice In Chains,Rock,21,63.5,75
Dimitri Vegas,House / Electronic,9,58.333333333333336,68
Joey Montana,World,20,2.1641791044776117,66
Soundgarden,Rock,12,32.55172413793103,77
KEVVO,World,1,0.0,0
LP Giobbi,House / Electronic,3,42.0,66
Bruno Martini,House / Electronic,6,40.285714285714285,75
Miss Li,World,4,20.285714285714285,63
Alle Farben,House / Electronic,14,23.82608695652174,69
The Knocks,House / Electronic,11,9.172413793103448,58
Armin van Buuren,House / Electronic,111,38.01546391752577,69
Camila Cabello,House / Electronic,33,34.04761904761905,87
Sam Tinnesz,Blues,13,58.11764705882353,76
Neeti Mohan,Pop,17,64.125,74
Cheap Trick,Pop,17,26.103448275862068,69
Gucci Mane,House / Electronic,6,44.142857142857146,72
Purple Disco Machine,House / Electronic,21,46.291666666666664,63
Wiener Sängerknaben,Acoustic,14,0.0,0
Noah Kahan,Indie,5,0.0,0
Drowning Pool,Rock,7,39.42857142857143,75
MOTi,House / Electronic,11,51.785714285714285,62
gnash,House / Electronic,2,58.0,63
Shashwat Sachdev,Pop,3,47.57142857142857,61
Steve Miller Band,Rock,13,13.666666666666666,74
Hayley May,House / Electronic,3,26.285714285714285,66
Alexis y Fido,World,4,0.2222222222222222,1
D.O.D,House / Electronic,10,51.3,71
Julio Iglesias,Alternative,2,11.4,57
Fiora,House / Electronic,5,48.0,54
Anthony Santos,World,2,0.5384615384615384,1
HUGEL,House / Electronic,25,47.61290322580645,71
Manuel Turizo,World,10,29.814814814814813,98
José González,Alternative,16,41.193548387096776,67
Shakira,World,15,52.8421052631579,90
Sasha,Pop,13,28.53846153846154,71
Burna Boy,Rap / Hiphop,104,14.476635514018692,83
Asking Alexandria,Rock,18,56.142857142857146,65
John De Sohn,House / Electronic,11,60.80769230769231,65
Julien Marchal,House / Electronic,5,71.0,78
Black Eyed Peas,House / Electronic,12,20.2,76
neverwaves,House / Electronic,3,49.0,57
Paul van Dyk,House / Electronic,11,26.73076923076923,69
Bomba Estéreo,World,3,81.5,95
Eric 'ET' Thorngren,House / Electronic,2,11.333333333333334,68
Arko,Pop,11,60.23529411764706,71
Rashmi Virag,Pop,14,62.72222222222222,82
Siouxsie and the Banshees,Alternative,18,8.644444444444444,64
Arcangel,World,9,15.571428571428571,83
Kyle Reynolds,House / Electronic,4,37.0,58
Scorpions,Rock,21,45.470588235294116,79
Asu Maralman,Rock,5,34.0,37
David Penn,House / Electronic,3,14.0,59
La Mississippi,Blues,9,36.833333333333336,43
Los Hermanos,World,19,42.421052631578945,49
Ed Sheeran,Rap / Hiphop,60,16.380434782608695,88
Zaeden,Indie,24,51.28947368421053,68
DaBaby,Rap / Hiphop,16,17.608695652173914,85
TK from Ling tosite sigure,Pop,5,57.42857142857143,73
Zeds Dead,House / Electronic,11,53.15384615384615,63
Travis Scott,House / Electronic,23,72.48387096774194,84
Philharmonia Orchestra,Acoustic,8,21.7,53
Marciano Cantero,World,9,7.03125,83
Babasónicos,House / Electronic,37,29.92,47
Catupecu Machu,Rock,13,30.884615384615383,49
Jonas Brothers,House / Electronic,8,39.18181818181818,85
DJ Pierre,House / Electronic,14,10.125,32
lovelytheband,Alternative,4,52.875,71
Galantis,House / Electronic,17,27.05263157894737,79
Alessia Cara,House / Electronic,48,18.6,78
Raul Seixas,World,15,44.18181818181818,50
BK,World,21,43.84,56
Cream,Rock,9,39.61904761904762,71
VIZE,World,7,40.36363636363637,68
Natalia Jiménez,World,22,27.0,72
Lights,House / Electronic,10,40.5,60
Jason Ross,House / Electronic,15,44.65384615384615,65
Tale Of Us,House / Electronic,14,45.607142857142854,55
ILLENIUM,House / Electronic,132,42.0,75
3 Doors Down,Rock,20,35.666666666666664,80
INNA,House / Electronic,6,55.375,70
King,Rap / Hiphop,23,59.793103448275865,81
Pavel Nersessian,World,30,0.06666666666666667,1
Mike Perry,World,18,62.84615384615385,74
Dave Audé,Indie,3,9.166666666666666,51
Axwell,House / Electronic,6,52.09090909090909,69
RADWIMPS,Rock,31,52.573170731707314,68
Rita Lee,World,7,33.23076923076923,49
Marcelo D2,R&B,5,47.333333333333336,65
Stephan Moccio,Acoustic,13,43.625,69
Becky G,Rap / Hiphop,21,60.16279069767442,85
Topic,House / Electronic,32,17.322916666666668,80
Sultan + Shepard,House / Electronic,13,52.18181818181818,63
Deep Purple,Rock,20,52.94871794871795,73
Bono,House / Electronic,3,55.2,66
A Touch Of Class,House / Electronic,2,45.6,50
Chinmayi,Pop,15,59.85,69
Little Mix,House / Electronic,5,70.77777777777777,79
Julieta Venegas,World,4,37.0,87
Hiphop Tamizha,Rap / Hiphop,14,56.46666666666667,66
Ariana Grande,House / Electronic,18,72.23809523809524,85
Darell,World,10,15.571428571428571,78
Snoop Dogg,R&B,39,31.729166666666668,87
MAX,Pop,10,26.785714285714285,76
Sarah de Warren,House / Electronic,7,31.11111111111111,55
Hanita Bhambri,Indie,4,50.333333333333336,60
Stefflon Don,Rap / Hiphop,17,42.54545454545455,69
Palak Muchhal,Pop,19,57.869565217391305,66
Maneva,R&B,48,45.67272727272727,57
Annie Lennox,Indie,32,15.224137931034482,82
Duke Dumont,House / Electronic,18,23.574468085106382,72
Tom Walker,House / Electronic,16,21.475,71
Ozuna,World,59,48.64324324324324,83
LCD Soundsystem,Rock,4,8.714285714285714,61
Apparat,House / Electronic,8,43.81818181818182,60
Marisa Monte,World,17,40.52173913043478,47
Nora En Pure,House / Electronic,21,51.142857142857146,64
DCS,World,1,0.0,0
K-391,House / Electronic,8,66.11764705882354,74
Salim Merchant,Folk,10,49.833333333333336,70
The White Stripes,House / Electronic,11,66.6896551724138,84
Francesco Yates,House / Electronic,5,29.529411764705884,76
Ella Eyre,House / Electronic,6,29.916666666666668,84
Atreyu,Rock,9,22.2,61
Harshdeep Kaur,Pop,8,59.5,71
Payal Dev,Pop,16,55.8421052631579,70
Nelly Furtado,World,18,15.9,82
Troye Sivan,House / Electronic,12,59.8421052631579,82
KAROL G,Rap / Hiphop,101,10.412280701754385,93
Pink Sweat$,R&B,69,21.953125,76
Christian Löffler,House / Electronic,17,50.1875,57
Adam Levine,Pop,7,51.0,82
Jordan Shaw,House / Electronic,6,42.75,73
F.O.O.L,House / Electronic,17,40.94736842105263,56
Abel Pintos,World,10,31.23076923076923,72
Sak Noel,House / Electronic,4,49.5,61
Gagan Mudgal,Indie,2,47.0,48
Jimmy Eat World,Pop,30,16.675324675324674,81
Halsey,House / Electronic,37,71.46666666666667,84
Raghav Meattle,Indie,4,37.8,41
Phosphorescent,Alternative,1,62.0,62
Dead Fish,Rock,22,35.205128205128204,41
Major Lazer,House / Electronic,10,54.69565217391305,73
Mitraz,House / Electronic,6,39.5,74
Los Enanitos Verdes,Alternative,13,11.758620689655173,42
Cardi B,House / Electronic,18,33.62068965517241,79
Alejo,World,12,4.2727272727272725,82
Taylor Swift,Pop,15,56.10526315789474,88
Jonita Gandhi,World,25,53.464285714285715,79
Phoebe Bridgers,Indie,10,51.46666666666667,77
Dhee,Pop,6,55.22222222222222,62
Juice WRLD,House / Electronic,14,50.60526315789474,83
Alesso,House / Electronic,33,27.3855421686747,85
Kideko,House / Electronic,5,32.53846153846154,59
Hoobastank,Rock,10,38.958333333333336,81
Zedd,House / Electronic,45,36.99236641221374,80
Snow,World,5,38.0,79
Péricles,World,48,45.44,58
Trevor Daniel,House / Electronic,4,65.8,79
Charli XCX,House / Electronic,58,11.268518518518519,84
James Arthur,House / Electronic,5,70.57142857142857,85
SiM,Rock,6,50.6,73
Ritviz,Indie,28,54.516666666666666,68
Academy of St. Martin in the Fields,Acoustic,28,13.735294117647058,63
Hozier,Indie,22,59.44444444444444,83
Lothika,Indie,9,56.72,73
Lizzy Land,House / Electronic,2,46.75,55
Goodboys,House / Electronic,14,30.871794871794872,78
Sena Şener,House / Electronic,3,45.6,56
KIDDO,House / Electronic,8,49.357142857142854,70
Jeremy Oceans,House / Electronic,2,52.0,53
Jason Mraz,Acoustic,46,30.035714285714285,80
Survive Said The Prophet,Rock,5,56.6,64
Zeph,Indie,1,69.5,70
Lobão,Rock,4,41.0,44
Rauw Alejandro,World,28,37.7962962962963,91
Robin Schulz,House / Electronic,69,15.090452261306533,87
Danna Paola,World,25,0.3684210526315789,3
I Prevail,Rock,35,61.0,68
Like Mike,House / Electronic,7,48.9,66
Lily Allen,House / Electronic,2,11.6,58
Jorja Smith,Rap / Hiphop,5,32.857142857142854,62
Paul Kalkbrenner,House / Electronic,33,38.97727272727273,68
Dylan Matthew,House / Electronic,23,50.93617021276596,67
Midival Punditz,House / Electronic,3,45.42857142857143,49
Bipolar Sunshine,House / Electronic,5,27.23076923076923,76
Crazibiza,House / Electronic,12,0.8461538461538461,11
Shift K3Y,House / Electronic,5,34.1,66
Charles Dutoit,Acoustic,5,0.0,0
Wisin & Yandel,World,35,5.292134831460674,83
A$AP Rocky,House / Electronic,7,65.88888888888889,82
Peter Frampton,Rock,3,24.363636363636363,68
Tove Lo,Pop,83,49.2406015037594,76
Aleks Syntek,World,6,20.375,65
Maceo Plex,House / Electronic,18,44.97142857142857,54
Zara Larsson,House / Electronic,28,66.65517241379311,85
Jehan Barbur,Rock,4,38.8,41
KK,Pop,49,57.0377358490566,72
braev,House / Electronic,4,43.8,52
Selena Gomez,House / Electronic,32,46.125,92
Lennon Stella,House / Electronic,6,46.53846153846154,75
Zafrir,House / Electronic,7,48.0,51
Daya,House / Electronic,9,65.375,80
French 79,House / Electronic,6,52.4,61
Quavo,Rap / Hiphop,6,16.125,59
Charly García,Rock,45,30.256756756756758,47
Muni Long,House / Electronic,6,12.923076923076923,77
Maluma,World,26,35.74666666666667,81
Rael,World,6,45.0,51
Stormzy,Rap / Hiphop,6,15.11111111111111,64
Amit Trivedi,Pop,20,61.416666666666664,71
Zoe Wees,House / Electronic,14,26.962962962962962,77
Megadeth,Rock,15,27.790697674418606,74
Green Velvet,House / Electronic,11,32.69230769230769,57
Daddy Yankee,World,103,20.504,85
Tanju Okan,Rock,4,36.42857142857143,40
Jennifer Lopez,Acoustic,6,55.57142857142857,79
Noriel,World,6,11.411764705882353,82
Machine Gun Kelly,Rap / Hiphop,13,24.75,69
Udit Narayan,Pop,62,54.507246376811594,70
Avneet Khurmi,Indie,2,49.0,52
Amitabh Bhattacharya,World,36,55.0,88
Ashwin Adwani,Indie,6,43.1875,52
Rahat Fateh Ali Khan,Pop,34,55.72727272727273,71
Sid Sriram,Pop,35,55.58695652173913,74
Totally Enormous Extinct Dinosaurs,House / Electronic,7,52.111111111111114,57
Tom Petty,Indie,9,8.366666666666667,77
Diplo,House / Electronic,19,46.88636363636363,76
William Black,House / Electronic,23,44.43589743589744,57
Jeremy Zucker,House / Electronic,16,51.666666666666664,79
Vishal Dadlani,Pop,25,58.77777777777778,67
AFI,Alternative,9,6.676470588235294,72
ASIAN KUNG-FU GENERATION,Rock,5,58.7037037037037,64
Lang Lang,Acoustic,10,9.263157894736842,64
Don Diablo,House / Electronic,15,38.05,66
Lyanno,World,11,5.371428571428571,91
Kamakshi Khanna,Indie,2,39.4,41
Shaggy,R&B,13,36.34782608695652,79
Nicky Romero,House / Electronic,21,40.77777777777778,69
Los Prisioneros,Rock,42,20.80952380952381,43
Sting,House / Electronic,6,16.416666666666668,70
John Williams,Pop,6,26.142857142857142,44
Jasleen Royal,Indie,29,53.01282051282051,77
Dragonette,House / Electronic,5,34.18181818181818,60
Matthew Koma,House / Electronic,9,41.36363636363637,62
Tory Lanez,Pop,12,52.93333333333333,76
Dhruv Bhola,Indie,1,54.0,54
Kiana Ledé,R&B,2,16.6,40
Pantera,R&B,18,46.891891891891895,74
Royal Blood,House / Electronic,20,13.466666666666667,67
Willy William,World,4,65.4,72
The Local Train,Indie,13,52.88,67
Jane's Addiction,Rock,6,18.333333333333332,66
John Legend,R&B,45,14.088888888888889,85
Randy,World,10,12.53125,64
Moneybagg Yo,Rap / Hiphop,12,9.625,78
Big Sean,Rap / Hiphop,14,26.772727272727273,72
French Montana,House / Electronic,15,57.05263157894737,82
MC Hariel,R&B,37,45.84615384615385,56
Anvita Dutt,Indie,5,62.642857142857146,77
Paulina Rubio,World,8,5.333333333333333,36
Anirudh Ravichander,Rap / Hiphop,96,63.39423076923077,80
Felix Jaehn,House / Electronic,27,10.566265060240964,77
Wizkid,Rap / Hiphop,33,36.0,85
Shalmali Kholgade,Pop,6,56.81818181818182,65
Ivan Ferreiro,World,3,20.0,56
Maren Morris,House / Electronic,9,34.67741935483871,80
Porter Robinson,House / Electronic,30,53.65079365079365,73
Lykke Li,Indie,11,31.379310344827587,75
phil Blech Wien,Acoustic,17,0.0,0
Feid,World,83,8.936781609195402,89
Royal & the Serpent,Indie,17,15.23404255319149,70
Karan Kanchan,Indie,3,44.77777777777778,47
The Neighbourhood,Alternative,27,75.58333333333333,93
Tchami,House / Electronic,13,56.629629629629626,64
Anupam Roy,Indie,38,42.51724137931034,62
Nils Hoffmann,House / Electronic,12,38.0,67
Arijit Singh,Pop,259,59.295081967213115,88
Lou Rawls,House / Electronic,3,0.3,1
Boston Symphony Orchestra,Acoustic,9,4.166666666666667,50
Totoy El Frio,Rap / Hiphop,9,1.1153846153846154,3
Anton Mittermayr,Acoustic,17,0.0,0
Sia,House / Electronic,27,50.371428571428574,82
"Franco ""El Gorilla""",Rap / Hiphop,5,6.722222222222222,41
MNEK,House / Electronic,9,32.888888888888886,83
Krewella,House / Electronic,38,42.75,55
Bea Miller,Indie,11,66.88888888888889,71
BBS Paranoicos,Rock,9,36.625,42
The Smithereens,Pop,7,28.4,41
Bebe Rexha,House / Electronic,43,25.156626506024097,98
LISA,House / Electronic,4,73.5,78
Steve Aoki,House / Electronic,12,56.869565217391305,72
Pete Tong,House / Electronic,3,50.666666666666664,55
Yotto,House / Electronic,9,39.166666666666664,55
The Martinez Brothers,House / Electronic,2,38.4,44
&ME,House / Electronic,9,43.06666666666667,54
Mr Eazi,Rap / Hiphop,19,24.74074074074074,58
William Singe,House / Electronic,8,31.066666666666666,74
Kinky,World,6,46.90909090909091,54
Shankar,Jazz,6,41.25,59
Melike Şahin,World,5,40.2,42
James Carter,House / Electronic,8,17.31578947368421,85
OneRepublic,Acoustic,141,33.02926829268293,96
Innellea,House / Electronic,6,39.0,45
Mame Khan,Folk,8,40.27777777777778,59
R.E.M.,Alternative,5,23.19047619047619,84
Promo,Pop,10,25.454545454545453,31
SHELLS,House / Electronic,3,33.42857142857143,59
Korn,Rock,5,17.23076923076923,76
Rihanna,House / Electronic,6,68.3,83
Lost Stories,House / Electronic,8,51.61904761904762,59
GAMPER & DADONI,House / Electronic,15,49.89473684210526,70
Los Miserables,Rock,8,36.8,44
Anne-Marie,House / Electronic,58,26.349056603773583,82
Vintage Culture,House / Electronic,6,57.45454545454545,65
SUGA,Indie,5,63.375,81
Ryo,Rock,1,61.0,61
Saweetie,House / Electronic,5,17.2,81
Anuel AA,World,54,16.451428571428572,88
Nooran Sisters,House / Electronic,2,54.6,59
Gregory Porter,Pop,11,5.260869565217392,37
Alejandro Sanz,World,23,17.0,76
Alan Walker,House / Electronic,63,62.559322033898304,80
Jack Harlow,Rap / Hiphop,70,9.151785714285714,86
Meghan Trainor,Folk,6,36.25,60
Garmiani,House / Electronic,3,51.4,56
Kanye West,R&B,8,33.0,78
Diana Miro,House / Electronic,5,24.4,50
Rita Ora,House / Electronic,21,38.970588235294116,74
Sara Kays,Indie,19,17.03846153846154,76
Badshah,Rap / Hiphop,37,58.51923076923077,74
Raghu Dixit,Folk,28,44.79661016949152,66
ZHU,House / Electronic,6,47.375,56
Digital Farm Animals,House / Electronic,8,54.81818181818182,65
KANA-BOON,Pop,8,58.421052631578945,73
Thiaguinho,World,47,45.62,61
Macklemore,House / Electronic,9,35.95652173913044,74
Kiiara,House / Electronic,8,48.6,69
Neoni,Alternative,3,59.25,62
The Stooges,House / Electronic,4,9.833333333333334,59
Incubus,Rock,7,68.45454545454545,75
Gunna,Rap / Hiphop,19,25.25,81
A Boogie Wit da Hoodie,House / Electronic,10,26.133333333333333,67
Arivu,Indie,9,46.36363636363637,58
Mau y Ricky,R&B,8,23.0,72
The King Khan & BBQ Show,Rock,2,51.0,58
Dr. John,Blues,2,0.0,0
Emmylou Harris,Folk,3,2.4444444444444446,22
Sachin-Jigar,Pop,15,61.54545454545455,73
Anitta,World,47,11.0,84
Sanah Moidutty,Indie,11,46.32,57
Los Caligaris,Alternative,63,42.43421052631579,59
The Doobie Brothers,Rock,3,29.6,76
Thom Yorke,House / Electronic,4,54.4,59
Joris Voorn,House / Electronic,14,32.095238095238095,58
Chris Lake,House / Electronic,11,54.65217391304348,67
Don Omar,World,55,7.47008547008547,74
American Authors,Indie,4,50.5,79
Mat.Joe,House / Electronic,5,7.555555555555555,35
Whethan,House / Electronic,2,55.833333333333336,67
Martha Reeves & The Vandellas,R&B,3,7.1,67
Andrés Calamaro,Alternative,15,4.3125,66
Polo G,House / Electronic,8,45.63636363636363,82
Badfinger,Rock,11,58.774193548387096,67
Blanke,House / Electronic,14,45.370370370370374,57
Traffic,Rock,2,30.0,60
Glenn Danzig,Rock,3,12.875,33
Rasmus Hagen,World,8,60.27777777777778,65
Matoma,House / Electronic,9,12.08695652173913,71
Fall Out Boy,Alternative,38,41.509803921568626,80
Yeah Yeah Yeahs,Rock,9,12.033333333333333,68
Coldplay,Pop,16,34.708333333333336,85
Dalex,World,3,12.0,45
Benjamin Ingrosso,World,13,38.57142857142857,73
Lil Peep,Alternative,53,66.53448275862068,81
Sanchi,Indie,3,46.0,52
Deepend,House / Electronic,10,54.166666666666664,70
Afrojack,House / Electronic,25,25.615384615384617,75
Jax Jones,House / Electronic,11,22.5,83
BIA,World,5,37.125,84
Kailash Kher,Folk,55,47.51111111111111,72
London Symphony Orchestra,Acoustic,54,17.133333333333333,65
AJR,Rock,9,29.5625,80
Carnage,House / Electronic,6,49.857142857142854,60
The Spencer Davis Group,Rock,2,24.0,64
Chris Lorenzo,House / Electronic,18,41.03448275862069,74
Sky Rompiendo,World,7,4.806451612903226,68
Hardwell,House / Electronic,38,48.18181818181818,65
Chromatics,Pop,8,52.38461538461539,59
Matanza,Rock,26,40.2463768115942,49
Leman Sam,Rock,3,39.888888888888886,43
Mike Williams,House / Electronic,27,25.78787878787879,62
Farruko,World,20,69.82222222222222,86
Sir Neville Marriner,Acoustic,24,14.551724137931034,63
Mumuzinho,World,39,45.05128205128205,65
Disciples,House / Electronic,10,28.416666666666668,77
"nothing,nowhere.",Alternative,12,25.26086956521739,56
Ilkay Sencan,House / Electronic,11,57.11764705882353,73
Queens of the Stone Age,Blues,4,34.583333333333336,72
NGHTMRE,House / Electronic,11,49.84615384615385,63
Tanishk Bagchi,Pop,37,60.08695652173913,82
Just Kiddin,House / Electronic,11,14.23076923076923,56
KSHMR,House / Electronic,43,50.796875,66
Kehlani,House / Electronic,13,27.806451612903224,68
Dabin,House / Electronic,28,42.80769230769231,56
Sefa,Rock,8,41.833333333333336,62
Armaan Malik,Pop,32,60.8974358974359,76
John Mayer,Indie,36,64.05797101449275,74
Plebe Rude,Rock,4,39.714285714285715,43
CHVRCHES,Pop,21,46.04,75
Lauv,House / Electronic,28,64.77777777777777,83
Kareen Lomax,House / Electronic,3,35.714285714285715,63
Thaikkudam Bridge,World,16,32.0,47
The Chainsmokers,House / Electronic,43,63.678899082568805,85
Unha Pintada,World,24,43.38235294117647,50
JP Cooper,House / Electronic,7,36.07142857142857,76
Clara Mae,World,19,44.40909090909091,65
London Philharmonic Orchestra,Acoustic,34,13.81081081081081,61
24kGoldn,House / Electronic,5,67.5,83
Oriente,R&B,6,36.714285714285715,51
Yera,World,12,2.1470588235294117,67
Fitz and The Tantrums,Alternative,9,14.86111111111111,68
Oliver Schories,House / Electronic,13,31.807692307692307,53
Ben Howard,Rock,13,62.0,71
De La Ghetto,World,19,14.977272727272727,82
Tanvi Shah,Pop,9,55.75,65
Bachman-Turner Overdrive,Folk,3,11.076923076923077,72
Jim Brickman,Acoustic,69,16.919540229885058,57
Richa Sharma,World,8,50.25,63
RAC,Alternative,2,68.2,73
Tihuana,Rock,3,43.333333333333336,49
Trebol Clan,Rap / Hiphop,1,0.0,0
Ava Max,House / Electronic,57,17.03488372093023,86
Future,Rap / Hiphop,24,17.24,89
Claptone,House / Electronic,9,58.91304347826087,65
Sonu Nigam,Pop,56,48.68181818181818,67
Jon Bellion,House / Electronic,8,58.04761904761905,70
Shweta Mohan,World,13,45.38461538461539,70
Karthik,Pop,27,55.375,66
DJ Shadow,Rap / Hiphop,21,43.758620689655174,66
Dua Lipa,House / Electronic,51,45.92631578947368,89
Au/Ra,House / Electronic,12,47.333333333333336,75
Jay Sean,House / Electronic,5,37.833333333333336,78
Eminem,Rock,31,68.875,88
Katy Perry,House / Electronic,53,22.341772151898734,80
SLANDER,House / Electronic,46,49.824175824175825,67
Cheat Codes,House / Electronic,8,64.5,75
Sullivan King,House / Electronic,12,49.476190476190474,57
Meet Bros.,Pop,15,58.94117647058823,67
Guaynaa,World,28,1.509433962264151,58
Deftones,Rock,8,31.11764705882353,77
Justin Quiles,World,21,6.217948717948718,76
Ookay,House / Electronic,5,52.666666666666664,59
SG Lewis,R&B,10,33.25,69
Eric Carmen,House / Electronic,4,67.875,74
The J. Geils Band,Indie,2,18.5,74
Juan Magán,World,15,3.4615384615384617,69
Parra for Cuva,House / Electronic,5,54.375,65
MitiS,House / Electronic,14,45.5,50
Drake,Rap / Hiphop,29,32.4,91
Bishop Briggs,Alternative,12,21.333333333333332,75
Trippie Redd,House / Electronic,10,36.03703703703704,83
Djonga,World,4,45.42857142857143,49
Shanti People,House / Electronic,12,35.23076923076923,50
Nathan Nicholson,House / Electronic,6,50.18181818181818,65
Sasha Alex Sloan,House / Electronic,12,62.68181818181818,80
Juanes,World,27,6.03921568627451,72
Christina Perri,Rock,14,28.38888888888889,81
Os Paralamas Do Sucesso,World,16,45.0,51
Skylar Grey,Acoustic,25,41.583333333333336,73
Noah Cyrus,House / Electronic,6,61.0,69
Ken-Y,World,3,3.111111111111111,28
5 Seconds of Summer,House / Electronic,4,69.75,81
Natalie Major,House / Electronic,3,40.0,44
Pedro Capó,Rap / Hiphop,6,63.7,74
Beyoncé,World,3,68.16666666666667,93
AKASA,Indie,4,46.6,65
Ray Charles,Acoustic,9,44.47826086956522,70
Aretha Franklin,R&B,8,16.333333333333332,75
Rob Zombie,Rock,40,9.801801801801801,76
Derek & The Dominos,Rock,5,33.67857142857143,74
DJ Valdi,World,2,0.0,0
Sky,World,1,0.0,0
Kiasmos,House / Electronic,10,41.84615384615385,55
Scooter,Pop,143,25.42105263157895,62
TINI,World,26,14.35,72
Jhayco,World,72,5.83271375464684,91
Seedhe Maut,World,13,48.724137931034484,59
We The Kings,Acoustic,10,35.588235294117645,59
Free,Rock,2,27.375,73
Amaal Mallik,Pop,18,60.43478260869565,71
EMME,House / Electronic,4,30.375,54
Nikhil Vasudevan,Indie,1,54.0,54
Aimer,Pop,17,58.976190476190474,77
Nio Garcia,World,5,33.3125,79
石丸由佳,World,3,0.4,1
Emicida,R&B,16,36.94444444444444,46
Nile Rodgers,House / Electronic,5,52.44444444444444,82
Riot Ten,House / Electronic,13,43.666666666666664,51
Todd Terry,House / Electronic,7,7.857142857142857,29
Sepultura,Rock,16,23.28125,62
Said The Sky,House / Electronic,30,47.771929824561404,59
Wu Bai,Pop,13,33.5,54
JVKE,Indie,18,58.0,81
Yandel,World,14,7.045454545454546,79
Sean Paul,Rap / Hiphop,89,43.37795275590551,83
Lisa Nilsson,World,5,39.27272727272727,45
Asees Kaur,Pop,16,61.40909090909091,78
Akanksha Bhandari,Indie,6,48.8125,59
Alok,House / Electronic,20,52.3235294117647,84
Benny Benassi,House / Electronic,6,44.285714285714285,73
Raaban,House / Electronic,4,36.3,69
Icona Pop,Pop,22,31.48780487804878,70
Sumo,Rock,16,41.05,50
You Me At Six,Rock,1,40.0,40
Greeicy,World,14,4.051282051282051,59
Zoé,Alternative,7,3.6,45
Mabel,House / Electronic,35,8.064102564102564,77
Caetano Veloso,World,10,41.35294117647059,46
Thirty Seconds To Mars,Rock,25,51.592592592592595,76
Lenine,World,6,39.44444444444444,43
Christina Aguilera,Acoustic,5,50.4,74
BYOR,House / Electronic,1,87.0,87
Luis Fonsi,World,31,20.058823529411764,80
Dynoro,House / Electronic,2,73.85714285714286,79
Yashraj,House / Electronic,5,47.1,63
Fats Domino,Rock,6,39.23529411764706,61
J.J. Cale,Blues,9,22.235294117647058,66
Karra,House / Electronic,11,48.1,61
Chris Brown,World,21,35.5625,96
Faithless,Rap / Hiphop,48,29.830188679245282,62
Rudimental,House / Electronic,17,10.755555555555556,73
Tanmaya Bhatnagar,Indie,5,43.0,49
Mild High Club,Rock,6,62.61538461538461,78
Lunay,House / Electronic,8,15.5,75
Tego Calderón,Rap / Hiphop,2,23.333333333333332,70
Akon,House / Electronic,24,50.48148148148148,81
Stone Temple Pilots,Rock,12,39.1,73
Sebastian Ingrosso,House / Electronic,3,67.16666666666667,69
Stunnah Beatz,Indie,1,53.0,53
Jerry Ropero,House / Electronic,3,1.4,7
Arjun Kanungo,Rap / Hiphop,9,62.18181818181818,70
Konshens,Rap / Hiphop,5,42.5,60
Joji,Rap / Hiphop,4,60.166666666666664,94
Cozi Zuehlsdorff,House / Electronic,4,60.125,71
Faith No More,Rock,7,9.28,67
Lucenzo,World,11,51.95238095238095,74
Misfits,Rock,13,3.2222222222222223,33
Divino,Rap / Hiphop,2,14.0,49
Steve Brian,House / Electronic,7,41.92307692307692,55
AMÉMÉ,House / Electronic,2,49.8,51
Ellie Goulding,House / Electronic,39,37.81884057971015,79
Roy Woods,R&B,9,11.181818181818182,75
Sukhwinder Singh,Pop,18,55.92857142857143,63
Conor Maynard,House / Electronic,7,44.111111111111114,73
Natasha Bedingfield,Rock,3,45.75,64
Rantanplan,Rock,2,36.333333333333336,37
DJ Isaac,Pop,15,21.416666666666668,65
ILIRA,House / Electronic,6,57.125,67
Erasmo Carlos,Rock,10,31.705882352941178,47
Damian Marley,House / Electronic,3,64.25,66
Chris James,House / Electronic,6,55.125,74
Megan Thee Stallion,House / Electronic,20,29.56,77
Machinedrum,House / Electronic,5,31.333333333333332,46
R3HAB,House / Electronic,52,40.0625,71
The Black Keys,House / Electronic,15,44.13333333333333,73
Kygo,House / Electronic,29,61.94444444444444,80
Crown The Empire,Rock,1,0.0,0
Claire Ridgely,House / Electronic,5,50.7,63
Calum Scott,House / Electronic,7,28.36842105263158,88
Mismatched,House / Electronic,4,49.0,60
The Ghalat Family,Indie,5,41.4,47
Martin Jensen,House / Electronic,10,61.84615384615385,69
Jess Glynne,House / Electronic,16,22.714285714285715,73
The Offspring,Rock,9,51.93939393939394,81
MGMT,Alternative,6,70.63636363636364,83
Rvssian,Rap / Hiphop,7,56.357142857142854,80
Polaris,Rock,7,54.4,58
ARTBAT,House / Electronic,18,48.04545454545455,63
Tim Maia,World,25,33.018181818181816,44
Holly Walker,House / Electronic,5,64.0909090909091,68
Zion & Lennox,World,17,16.224137931034484,84
Grey,House / Electronic,4,22.045454545454547,80
Gojira,Rock,32,50.89393939393939,65
TroyBoi,House / Electronic,15,45.0,62
Karsh Kale,Indie,3,46.90909090909091,49
Anne Amie,Pop,3,43.4,59
FAST BOY,House / Electronic,8,20.75,85
Ty Dolla $ign,House / Electronic,37,15.233766233766234,79
Mae Muller,House / Electronic,5,43.4,82
Prateek Kuhad,Indie,52,46.947826086956525,70
Kausar Munir,Indie,11,59.375,73
Wisin,World,10,9.5,78
Sech,World,13,14.81578947368421,83
Jão,R&B,5,45.42857142857143,53
LIAMOO,House / Electronic,2,62.42857142857143,65
Kelsea Ballerini,Folk,7,47.4,73
Clinton Cerejo,Pop,6,42.0,61
Frank Ocean,R&B,21,73.95652173913044,85
HRVY,House / Electronic,7,55.72727272727273,71
Marshmello,House / Electronic,83,43.87755102040816,87
Nação Zumbi,Rock,11,40.35294117647059,45
Ankur Tewari,Indie,12,45.810810810810814,61
Jamie Jones,House / Electronic,8,49.22222222222222,59
Tainy,World,22,30.107142857142858,87
Rivers Cuomo,House / Electronic,5,0.0,0
OAFF,Indie,13,54.38235294117647,73
Van Morrison,Rock,2,73.6,80
Swae Lee,House / Electronic,11,25.615384615384617,82
Dakota,House / Electronic,2,60.0,73
Grouplove,Indie,2,39.5,79
Cidergirl,Pop,3,58.55555555555556,62
Level 42,Pop,11,23.61904761904762,69
Clairo,Indie,12,63.05,81
Stefy De Cicco,House / Electronic,3,29.75,66
Robert Falcon,House / Electronic,4,58.833333333333336,68
Pitty,Rock,35,40.111111111111114,48
René LaVice,House / Electronic,8,29.083333333333332,45
The Maine,Rock,6,20.214285714285715,59
6LACK,R&B,13,26.047619047619047,81
Shilpa Rao,World,21,59.0,72
Casper Magico,World,6,24.666666666666668,78
Gulzar,Pop,11,53.94117647058823,68
T-Pain,World,10,13.03125,76
Sebastian Yatra,Rap / Hiphop,62,6.666666666666667,81
Parachute,Acoustic,10,55.75,61
Vini Vici,House / Electronic,36,49.76744186046512,66
Tokischa,World,1,58.0,58
Naeleck,Pop,5,51.5,56
Chico Science,Rock,8,40.36363636363637,45
Neha Kakkar,Pop,30,61.425,77
ROSALÍA,Rap / Hiphop,5,77.0909090909091,83
Florida Georgia Line,Folk,14,33.4375,77
ZAYN,House / Electronic,9,66.66666666666667,80
Tori Kelly,R&B,9,29.384615384615383,61
Atif Aslam,Pop,40,63.75,73
Billy Joel,Acoustic,36,62.431372549019606,79
Public Enemy,Rock,3,3.8,19
Charles Gounod,Acoustic,9,7.0,59
A.R. Rahman,Pop,80,61.386792452830186,79
Jonas Blue,House / Electronic,26,40.723404255319146,76
Stevie Appleton,House / Electronic,5,33.666666666666664,67
Kendrick Lamar,Rap / Hiphop,8,64.11111111111111,84
Justin Jesso,House / Electronic,3,56.6,68
blackbear,House / Electronic,27,62.55555555555556,81
Blind Melon,Rock,9,12.483870967741936,76
Pitbull,Rap / Hiphop,12,55.5,79
Moğollar,Rock,3,37.57142857142857,39
Vasu Raina,Indie,4,40.0,48
Janet Taylor,House / Electronic,1,0.0,0
Lifafa,House / Electronic,13,35.8125,46
Snakehips,House / Electronic,2,57.0,58
Sertab Erener,World,13,40.78048780487805,48
Yellow Claw,House / Electronic,21,50.69230769230769,64
Popcaan,House / Electronic,29,28.2,65
Cobra Starship,Rock,4,10.142857142857142,71
Ceylan Ertem,Rock,5,37.90909090909091,39
MK,House / Electronic,9,42.27272727272727,67
Ezginin Günlügü,Rock,2,43.166666666666664,45
Neon Trees,Alternative,8,13.448275862068966,80
Emie,House / Electronic,3,58.6,65
Leo Santana,World,11,43.64705882352941,46
WhoMadeWho,House / Electronic,6,43.4,60
Piyush Bhisekar,Indie,3,38.75,41
LIT killah,World,3,38.0,51
Young Thug,House / Electronic,20,44.11538461538461,80
Bob Seger,Rock,7,37.38461538461539,74
Haze,World,3,5.5,17
Berliner Philharmoniker,Acoustic,57,11.212121212121213,40
Post Malone,House / Electronic,11,22.08695652173913,74
Armand Van Helden,House / Electronic,3,17.0,65
The Yellow Diary,Indie,10,49.73076923076923,63
Camilo,Rap / Hiphop,11,59.642857142857146,78
Astrid S,House / Electronic,10,49.214285714285715,71
Bastille,House / Electronic,29,13.985074626865671,83
Amber Van Day,House / Electronic,6,48.625,64
Foy Vance,Indie,10,7.6,56
Koven,House / Electronic,13,48.74074074074074,61
The Prodigy,House / Electronic,77,36.64646464646464,66
Bryan Adams,Indie,61,13.10179640718563,82
Mariah Angeliq,World,59,1.25,79
George Benson,Acoustic,8,41.875,71
John Martin,House / Electronic,14,19.89189189189189,80
Kate Bush,Acoustic,13,38.054054054054056,90
Yo-Yo Ma,World,8,41.90909090909091,70
Nicki Minaj,House / Electronic,19,62.11538461538461,92
Glen Campbell,Indie,3,0.0,0
Enrique Iglesias,World,21,56.370370370370374,74
Toaka,Pop,1,68.0,68
Excision,House / Electronic,19,46.6,65
Jason Derulo,House / Electronic,47,16.11764705882353,81
Chris Jedi,World,18,4.521739130434782,88
The Magician,House / Electronic,11,5.481481481481482,72
Charlie Puth,House / Electronic,74,36.56470588235294,92
Hyro The Hero,House / Electronic,3,50.166666666666664,51
Rema,House / Electronic,10,38.09090909090909,92
The Dead Milkmen,Rock,6,38.625,43
BaianaSystem,R&B,74,30.816666666666666,44
Cavetown,Indie,15,25.192307692307693,79
Tom Misch,Jazz,3,65.16666666666667,68
Tiësto,House / Electronic,103,25.8868778280543,86
John Newman,House / Electronic,8,13.08695652173913,76
Georgia Ku,House / Electronic,11,23.0,66
Mala Rodríguez,World,7,0.0,0
Tyga,House / Electronic,15,31.64516129032258,75
Roop Kumar Rathod,Pop,10,61.375,71
Mos Def,Rap / Hiphop,7,51.92307692307692,71
Herbie Mann,World,1,0.0,0
Testament,Rock,7,27.875,60
Stevie Wonder,R&B,89,1.715481171548117,75
David Guetta,House / Electronic,105,20.292,98
İlhan İrem,Rock,7,39.68421052631579,44
Clean Bandit,House / Electronic,47,26.372093023255815,76
Cradle Of Filth,Rock,20,32.97560975609756,54
Jhené Aiko,Rap / Hiphop,2,9.75,39
The Moody Blues,Rock,5,37.125,68
Habstrakt,House / Electronic,2,57.0,59
Oliver Heldens,House / Electronic,14,57.3125,74
Pritam,World,323,53.771771771771775,88
CNCO,Rap / Hiphop,8,62.0,73
Jubin Nautiyal,Pop,69,56.45263157894737,82
Mokita,R&B,19,55.69230769230769,70
ONE OK ROCK,Rock,27,51.08064516129032,63
Sam Smith,Pop,47,15.46875,100
HALIENE,House / Electronic,20,36.166666666666664,59
Owl City,Indie,17,21.75,79
Antônio Carlos Jobim,World,8,5.088235294117647,45
Soulwax,House / Electronic,3,5.833333333333333,35
Michael Bublé,Pop,48,23.0,74
Lamb of God,Rock,41,49.916666666666664,66
Regard,House / Electronic,4,76.1,81
Slayer,Rock,17,58.64,73
JID,Rock,6,56.875,86
Vega,World,4,40.333333333333336,54
Empire of the Sun,House / Electronic,6,23.11111111111111,79
070 Shake,House / Electronic,2,62.42857142857143,69
Nikhita Gandhi,Pop,14,56.94117647058823,74
Ella Henderson,House / Electronic,49,5.223684210526316,85
Bryant Myers,World,10,2.264705882352941,33
Sandra De Sá,World,6,42.75,46
Jem Cooke,House / Electronic,9,48.416666666666664,62
Pablo,World,37,43.475,51
Zak Abel,House / Electronic,5,14.5,63
YUNGBLUD,Rock,46,41.666666666666664,70
Norah Jones,Jazz,76,4.7973856209150325,76
Papa Roach,Rock,5,67.5,80
Paresh Kamath,Folk,9,54.10526315789474,70
Lil Jon,House / Electronic,8,50.625,78
Nico Santos,World,10,6.947368421052632,69
Plan B,World,9,13.961538461538462,60
Doja Cat,House / Electronic,15,65.04166666666667,90
Lapiz Conciente,World,4,1.9375,31
Nacho,World,22,0.32857142857142857,3
Travis Barker,Rock,7,56.285714285714285,66
Karthik Rao,Indie,5,43.57142857142857,56
Keanu Silva,House / Electronic,7,22.7,65
Joel Corry,House / Electronic,29,10.266666666666667,81
Rone,House / Electronic,2,17.333333333333332,48
Sunidhi Chauhan,Pop,44,53.0188679245283,67
Nina Sky,House / Electronic,2,52.8,58
Bonobo,Rap / Hiphop,66,48.25974025974026,60
Quinn XCII,House / Electronic,4,60.333333333333336,70
Jaideep Sahni,Folk,10,57.85,71
Medina,Rap / Hiphop,8,39.36363636363637,57
Romy,Indie,7,64.05882352941177,77
PARTYNEXTDOOR,House / Electronic,7,9.285714285714286,64
Zeca Pagodinho,World,76,40.270833333333336,50
Myke Towers,Rap / Hiphop,15,33.833333333333336,80
Shankar Mahadevan,Pop,30,54.52777777777778,67
Ultraje a Rigor,Rock,17,40.05263157894737,45
Érica Martins,Rock,1,0.0,0
Ferrugem,World,92,43.52884615384615,61
ROZES,House / Electronic,5,54.142857142857146,74
League of Legends,House / Electronic,9,69.66666666666667,86
EVAN GIIA,House / Electronic,6,38.68421052631579,68
Kaskade,House / Electronic,11,46.38461538461539,73
Raimundos,Rock,22,34.741379310344826,46
Foxes,House / Electronic,4,34.07692307692308,75
Gorgon City,House / Electronic,14,40.945945945945944,67
Motohiro Hata,Pop,4,56.875,61
Belinda,World,14,13.857142857142858,79
R.K.M & Ken-Y,World,2,7.2,36
Big Up,World,9,42.470588235294116,45
Shreya Ghoshal,Pop,94,57.376,74
J Balvin,World,156,17.58823529411765,88
Four Tet,House / Electronic,5,42.75,58
Rampa,House / Electronic,11,45.473684210526315,60
Mariya Takeuchi,Pop,7,51.9,65
Yazin Nizar,World,3,47.0,64
Benny Dayal,Pop,28,53.170212765957444,66
John Denver,Folk,5,70.11111111111111,75
Alka Yagnik,Pop,89,53.0,73
Bad Bunny,World,129,29.908653846153847,97
Stylo G,Rap / Hiphop,6,38.166666666666664,57
Sublahshini,Indie,1,48.0,48
Cali Y El Dandee,World,15,3.46,63
Avicii,House / Electronic,42,19.210526315789473,86
Becky Hill,House / Electronic,48,8.090225563909774,85
Josh Golden,Acoustic,6,44.0,59
Miggy Dela Rosa,House / Electronic,14,15.886363636363637,90
Salim–Sulaiman,Folk,54,46.28235294117647,71
Pablo Chill-E,World,8,40.90909090909091,49
Marcelo Nova,Rock,3,44.714285714285715,48
X Ambassadors,House / Electronic,10,51.904761904761905,76
blink-182,Rock,34,26.139240506329113,83
Laura Welsh,House / Electronic,1,0.0,0
Leo Sayer,House / Electronic,6,53.0,60
Khalid,House / Electronic,15,64.35483870967742,89
Louis The Child,House / Electronic,2,38.285714285714285,67
Steppenwolf,Rock,6,21.76923076923077,73
Julia Michaels,House / Electronic,13,38.1578947368421,82
Marioso,World,2,0.0,0
Dr. Dre,R&B,12,71.375,84
Chelsea Cutler,Indie,12,12.923076923076923,67
Fito Paez,World,3,12.6,35
TELYKast,House / Electronic,2,58.25,60
Living Colour,Alternative,1,68.0,68
Yves V,House / Electronic,16,50.05,65
The Stickmen Project,House / Electronic,7,16.894736842105264,74
Naresh Kamath,Folk,9,54.10526315789474,70
Elis Regina,World,9,21.423076923076923,44
Sharlene Taule,Rap / Hiphop,1,1.0,1
The Killers,Alternative,21,7.402777777777778,86
Skrillex,House / Electronic,27,46.509433962264154,75
DJ Aftab,House / Electronic,2,28.0,54
Aleesia,House / Electronic,4,45.0,56
salem ilese,Indie,43,21.884057971014492,76
flora cash,World,6,63.46153846153846,75
Jaume Berenguer,World,1,0.0,0
Rashmeet Kaur,House / Electronic,6,48.5,69
Natti Natasha,Rap / Hiphop,16,51.61538461538461,81
Migos,House / Electronic,3,61.4,72
Nusrat Fateh Ali Khan,Folk,72,42.21590909090909,65
Vicentico,Alternative,3,10.333333333333334,35
Frank Sinatra,World,1,0.0,0
Blazy,House / Electronic,9,40.8,56
Justin Bieber,Pop,136,22.18235294117647,89
Vancouver Sleep Clinic,Folk,6,47.333333333333336,72
MFÖ,Rock,4,39.111111111111114,42
Tinashe,House / Electronic,8,57.54545454545455,72
Three Dog Night,Folk,2,0.0,0
The Chemical Brothers,House / Electronic,82,27.18888888888889,65
Alida,House / Electronic,9,41.46666666666667,66
El Alfa,World,5,54.25,82
Calvin Harris,House / Electronic,44,70.96511627906976,89
Cosmic Gate,House / Electronic,8,23.72222222222222,56
